{"cameraMode":{"drawMode":0,"name":"Shaded","section":"Shading Mode"},"sceneLighting":true,"audioPlay":false,"sceneViewState":{"showFog":true,"showMaterialUpdate":false,"showSkybox":true,"showFlares":true,"showImageEffects":true,"showParticleSystems":true},"in2DMode":false,"pivot":{"x":20.384185791015626,"y":1.1513962745666505,"z":-8.857582092285157},"rotation":{"x":-0.017875822260975839,"y":-0.9506672620773315,"z":0.3053587079048157,"w":-0.05495672672986984},"size":34.459754943847659,"orthographic":false}